{"usuarios": [
    {
        "verificado": false,
        "valores_especiales": {"soyAdmin": true},
        "login": "bri_administrador",
        "telefono": "bri",
        "nombre": "bri",
        "rol": "administrador",
        "password": "bri"
    },
    {
        "verificado": false,
        "valores_especiales": {"comprasRegistradas": []},
        "login": "bri_cajero",
        "telefono": "bri",
        "nombre": "bri",
        "rol": "cajero",
        "password": "bri"
    },
    {
        "verificado": false,
        "valores_especiales": {
            "maxCompras": 0,
            "mora": false,
            "piezasCompradas": [],
            "estadoCuenta": 434435,
            "historialCompras": [],
            "seguridadFinanciera": false
        },
        "login": "bri_comprador",
        "telefono": "bri",
        "nombre": "bri",
        "rol": "comprador",
        "password": "bri"
    },
    {
        "verificado": false,
        "valores_especiales": {},
        "login": "propietario_",
        "telefono": "bri",
        "nombre": "bri",
        "rol": "",
        "password": "bri"
    },
    {
        "verificado": false,
        "valores_especiales": {
            "soyAdmin": true,
            "operador": true
        },
        "login": "bri_operador",
        "telefono": "bri",
        "nombre": "bri",
        "rol": "operador",
        "password": "bri"
    }
]}