{"piezas": [
    {
        "tiempoConsignacion": 600,
        "tipo": "escultura",
        "lugarCreacion": "a los pits",
        "propietario": "Ojala yo",
        "anioCreacion": 69,
        "titulo": "El rayo mquen",
        "subasta": true,
        "valores": [
            23243,
            7384
        ],
        "autores": ["pixar"],
        "valoresEspeciales": {
            "peso": 456,
            "ancho": 2,
            "profundidad": 2,
            "electricidad": true,
            "alto": 3
        },
        "bodega": false,
        "disponible": true
    },
    {
        "tiempoConsignacion": 45,
        "tipo": "video",
        "lugarCreacion": "la jungla",
        "propietario": "hakuna matata",
        "anioCreacion": 23,
        "titulo": "Simba",
        "subasta": true,
        "valores": [
            324,
            73242
        ],
        "autores": ["leoncito"],
        "valoresEspeciales": {
            "resolucion": "4k",
            "duracion": 345,
            "tamanioGiga": 3456
        },
        "bodega": true,
        "disponible": false
    }
]}