{"piezas": [
    {
        "tiempoConsignacion": 34,
        "tipo": "video",
        "lugarCreacion": "grecia",
        "propietario": "guan",
        "anioCreacion": 345,
        "titulo": "gioconda",
        "subasta": true,
        "valores": [
            345,
            446
        ],
        "autores": [
            "juan",
            "maria"
        ],
        "valoresEspeciales": {
            "resolucion": "4k",
            "duracion": 34,
            "tamanioGiga": 34
        },
        "bodega": true,
        "disponible": true
    },
    {
        "tiempoConsignacion": 34,
        "tipo": "pintura",
        "lugarCreacion": "roma",
        "propietario": "pedro",
        "anioCreacion": 32,
        "titulo": "monalisa",
        "subasta": false,
        "valores": [343],
        "autores": ["Picasso"],
        "valoresEspeciales": {
            "peso": 43,
            "ancho": 4,
            "tecnica": "cubismo",
            "alto": 23
        },
        "bodega": true,
        "disponible": true
    },
    {
        "tiempoConsignacion": 45,
        "tipo": "escultura",
        "lugarCreacion": "tu casa",
        "propietario": "juan",
        "anioCreacion": 666,
        "titulo": "tu puta madre",
        "subasta": true,
        "valores": [
            456,
            789,
            893
        ],
        "autores": [
            "yo",
            "tu ama",
            "mi padre"
        ],
        "valoresEspeciales": {
            "peso": 54,
            "ancho": 8,
            "profundidad": 6,
            "electricidad": false,
            "alto": 34
        },
        "bodega": true,
        "disponible": true
    },
    {
        "tiempoConsignacion": 34,
        "tipo": "escultura",
        "lugarCreacion": "Paris",
        "propietario": "Juan",
        "anioCreacion": 345,
        "titulo": "La Gioconda",
        "subasta": false,
        "valores": [
            23444,
            3222
        ],
        "autores": [
            "Miguel Angel",
            "Picaso"
        ],
        "valoresEspeciales": {
            "peso": 6,
            "ancho": 54,
            "profundidad": 67,
            "electricidad": true,
            "alto": 34
        },
        "bodega": true,
        "disponible": true
    },
    {
        "tiempoConsignacion": 45,
        "tipo": "pintura",
        "lugarCreacion": "grecia",
        "propietario": "pepe",
        "anioCreacion": 345,
        "titulo": "juan",
        "subasta": true,
        "valores": [234],
        "autores": ["pepito de arco"],
        "valoresEspeciales": {
            "peso": 3,
            "ancho": 4,
            "tecnica": "cubismo",
            "alto": 34
        },
        "bodega": true,
        "disponible": true
    },
    {
        "tiempoConsignacion": 32,
        "tipo": "fotografia",
        "lugarCreacion": "Roma",
        "propietario": "pedro",
        "anioCreacion": 345,
        "titulo": "MonaLisa",
        "subasta": false,
        "valores": [
            24343,
            78382
        ],
        "autores": [
            "Picasso",
            "leonardo"
        ],
        "valoresEspeciales": {
            "resolucion": "4k",
            "tamanioGiga": "34"
        },
        "bodega": true,
        "disponible": false
    }
]}