{"usuarios": [
    {
        "valores_especiales": {"soyAdmin": true},
        "login": "david",
        "telefono": "5626",
        "nombre": "david",
        "rol": "administrador",
        "contraseña": "david"
    },
    {
        "valores_especiales": {"soyAdmin": true},
        "login": "briiiiii",
        "telefono": "3424",
        "nombre": "bri",
        "rol": "administrador",
        "contraseña": "bri"
    },
    {
        "valores_especiales": {
            "metodoPago": "",
            "maxCompras": 0,
            "mora": false,
            "piezasCompradas": [],
            "estadoCuenta": 0,
            "historialCompras": [],
            "seguridadFinanciera": false
        },
        "login": "bri",
        "telefono": "4344454",
        "nombre": "bri",
        "rol": "comprador",
        "contraseña": "bri"
    },
    {
        "valores_especiales": {"soyAdmin": true},
        "login": "Briceño",
        "telefono": "33544",
        "nombre": "Briceño",
        "rol": "administrador",
        "contraseña": "Briceño"
    }
]}